{
  "project_info": {
    "project_number": "417881248693",
    "firebase_url": "https://vision-8fb66.firebaseio.com",
    "project_id": "vision-8fb66",
    "storage_bucket": "vision-8fb66.appspot.com"
  },
  "client": [
    {
      "client_info": {
        "mobilesdk_app_id": "1:417881248693:android:9a668164f08216c733bffc",
        "android_client_info": {
          "package_name": "com.vision2020"
        }
      },
      "oauth_client": [
        {
          "client_id": "417881248693-jas583abaoe1a85v2nofhqp2m8mk5j78.apps.googleusercontent.com",
          "client_type": 3
        }
      ],
      "api_key": [
        {
          "current_key": "AIzaSyAQG_5HRzHQG2RfpUa445zbBANVMrpUSgc"
        }
      ],
      "services": {
        "appinvite_service": {
          "other_platform_oauth_client": [
            {
              "client_id": "417881248693-jas583abaoe1a85v2nofhqp2m8mk5j78.apps.googleusercontent.com",
              "client_type": 3
            }
          ]
        }
      }
    }
  ],
  "configuration_version": "1"
}